{"create_canvas_constraints_average": 0.021461896006949244, "create_canvas_constraints_median": 0.020890899933874607, "create_canvas_constraints_minimum": 0.01728559995535761, "create_canvas_constraints_maxiumu": 0.03259099996648729, "create_separation_constraints_average": 0.386070347991772, "create_separation_constraints_median": 0.38440450001508, "create_separation_constraints_minimum": 0.36988340003881603, "create_separation_constraints_maxiumu": 0.41751850000582635, "create_all_constraints_average": 0.4075380880013108, "create_all_constraints_median": 0.40460849995724857, "create_all_constraints_minimum": 0.388926999992691, "create_all_constraints_maxiumu": 0.4414835999486968, "solve_time_average": 0.1434405714801047, "solve_time_median": 0.13886935001937672, "solve_time_minimum": 0.09027869999408722, "solve_time_maxiumu": 0.4266387999523431, "delaunay_time_average": 0.0036347513187211006, "delaunay_time_median": 0.003434200072661042, "delaunay_time_minimum": 0.002845000009983778, "delaunay_time_maxiumu": 0.01069849997293204, "mst_time_average": 0.0008054911200422794, "mst_time_median": 0.0007349500083364546, "mst_time_minimum": 0.0006501999450847507, "mst_time_maxiumu": 0.0026522999396547675}