{"create_canvas_constraints_average": 0.01848389997612685, "create_canvas_constraints_median": 0.017630300018936396, "create_canvas_constraints_minimum": 0.016791899921372533, "create_canvas_constraints_maxiumu": 0.021569799981079996, "create_separation_constraints_average": 0.3867237799800932, "create_separation_constraints_median": 0.3840597999515012, "create_separation_constraints_minimum": 0.3520579000469297, "create_separation_constraints_maxiumu": 0.42663829994853586, "create_control_line_constraints_average": 0.17131136001553388, "create_control_line_constraints_median": 0.16346559999510646, "create_control_line_constraints_minimum": 0.1494119999697432, "create_control_line_constraints_maxiumu": 0.21002610004507005, "create_all_constraints_average": 0.5765251799486577, "create_all_constraints_median": 0.5596266000065953, "create_all_constraints_minimum": 0.5331590999849141, "create_all_constraints_maxiumu": 0.6582403999054804, "solve_time_average": 14.43449535160046, "solve_time_median": 4.87259179999819, "solve_time_minimum": 0.16891280002892017, "solve_time_maxiumu": 218.20237750001252, "delaunay_time_average": 0.003585538798477501, "delaunay_time_median": 0.0033442499698139727, "delaunay_time_minimum": 0.0028603000100702047, "delaunay_time_maxiumu": 0.009151100064627826, "mst_time_average": 0.0008061774012167006, "mst_time_median": 0.0007392499828711152, "mst_time_minimum": 0.0006694999756291509, "mst_time_maxiumu": 0.0033648000098764896}