{"create_canvas_constraints_average": 0.010822699991986156, "create_canvas_constraints_median": 0.010521400021389127, "create_canvas_constraints_minimum": 0.00881379994098097, "create_canvas_constraints_maxiumu": 0.01705779996700585, "create_separation_constraints_average": 0.04328177600633353, "create_separation_constraints_median": 0.04288670001551509, "create_separation_constraints_minimum": 0.03695830004289746, "create_separation_constraints_maxiumu": 0.050692700082436204, "create_control_line_constraints_average": 0.059376379996538164, "create_control_line_constraints_median": 0.0575364000396803, "create_control_line_constraints_minimum": 0.04957709996961057, "create_control_line_constraints_maxiumu": 0.08385769999586046, "create_all_constraints_average": 0.11348888000007719, "create_all_constraints_median": 0.11140100006014109, "create_all_constraints_minimum": 0.09813249995931983, "create_all_constraints_maxiumu": 0.14239549997728318, "solve_time_average": 0.024055126119218766, "solve_time_median": 0.02291794994380325, "solve_time_minimum": 0.01624129991978407, "solve_time_maxiumu": 0.06493430002592504, "delaunay_time_average": 0.0018195088792592286, "delaunay_time_median": 0.001667250005993992, "delaunay_time_minimum": 0.001135899918153882, "delaunay_time_maxiumu": 0.006298399996012449, "mst_time_average": 0.0008234648398123682, "mst_time_median": 0.0007391999242827296, "mst_time_minimum": 0.0005277000600472093, "mst_time_maxiumu": 0.004623799934051931}