{"create_canvas_constraints_average": 0.016317760008387267, "create_canvas_constraints_median": 0.015604399959556758, "create_canvas_constraints_minimum": 0.013593000010587275, "create_canvas_constraints_maxiumu": 0.022305899998173118, "create_separation_constraints_average": 0.1717020719870925, "create_separation_constraints_median": 0.17046089994255453, "create_separation_constraints_minimum": 0.16221239999867976, "create_separation_constraints_maxiumu": 0.20105710008647293, "create_control_line_constraints_average": 0.12350548401009291, "create_control_line_constraints_median": 0.12173960008658469, "create_control_line_constraints_minimum": 0.11358999996446073, "create_control_line_constraints_maxiumu": 0.1701446999795735, "create_all_constraints_average": 0.311531655988656, "create_all_constraints_median": 0.308409700053744, "create_all_constraints_minimum": 0.2904056999832392, "create_all_constraints_maxiumu": 0.39289890008512884, "solve_time_average": 0.10761521588014439, "solve_time_median": 0.0919687999994494, "solve_time_minimum": 0.048899200046435, "solve_time_maxiumu": 0.49606610008049756, "delaunay_time_average": 0.0025907240013591944, "delaunay_time_median": 0.0024481500149704516, "delaunay_time_minimum": 0.001987099996767938, "delaunay_time_maxiumu": 0.007459599990397692, "mst_time_average": 0.0007365229200571776, "mst_time_median": 0.0006687999702990055, "mst_time_minimum": 0.0005864000413566828, "mst_time_maxiumu": 0.003325900062918663}