{"create_canvas_constraints_average": 0.016993103995919228, "create_canvas_constraints_median": 0.015716199995949864, "create_canvas_constraints_minimum": 0.013239099993370473, "create_canvas_constraints_maxiumu": 0.029440299957059324, "create_separation_constraints_average": 0.17191321599297227, "create_separation_constraints_median": 0.17020179994869977, "create_separation_constraints_minimum": 0.1588869000552222, "create_separation_constraints_maxiumu": 0.19444320001639426, "create_all_constraints_average": 0.18891128398943693, "create_all_constraints_median": 0.1858490000013262, "create_all_constraints_minimum": 0.17212979996111244, "create_all_constraints_maxiumu": 0.21270500007085502, "solve_time_average": 0.04024055040027015, "solve_time_median": 0.0393542000092566, "solve_time_minimum": 0.02814429998397827, "solve_time_maxiumu": 0.12699550006072968, "delaunay_time_average": 0.0028020004000049083, "delaunay_time_median": 0.0026423000381328166, "delaunay_time_minimum": 0.001996799954213202, "delaunay_time_maxiumu": 0.017111800028942525, "mst_time_average": 0.0007715651196893305, "mst_time_median": 0.0006868999917060137, "mst_time_minimum": 0.0005749999545514584, "mst_time_maxiumu": 0.004103100043721497}