{"create_canvas_constraints_average": 0.014797974007669835, "create_canvas_constraints_median": 0.01411025004927069, "create_canvas_constraints_minimum": 0.012114600045606494, "create_canvas_constraints_maxiumu": 0.03304560005199164, "create_separation_constraints_average": 0.1716631979867816, "create_separation_constraints_median": 0.166993850027211, "create_separation_constraints_minimum": 0.1577404000563547, "create_separation_constraints_maxiumu": 0.2638524000067264, "create_all_constraints_average": 0.18646595201222227, "create_all_constraints_median": 0.18121160002192482, "create_all_constraints_minimum": 0.17039720003958791, "create_all_constraints_maxiumu": 0.2870625000214204, "solve_time_average": 0.0361581818819046, "solve_time_median": 0.03557135001756251, "solve_time_minimum": 0.02622770005837083, "solve_time_maxiumu": 0.06886300002224743, "delaunay_time_average": 0.0024894153806148097, "delaunay_time_median": 0.0023669999791309237, "delaunay_time_minimum": 0.001996900071389973, "delaunay_time_maxiumu": 0.010924900067038834, "mst_time_average": 0.0007160652991384268, "mst_time_median": 0.0006633499870076776, "mst_time_minimum": 0.0005720999324694276, "mst_time_maxiumu": 0.011806299909949303}