{"create_canvas_constraints_average": 0.010229416005313397, "create_canvas_constraints_median": 0.009647699946071953, "create_canvas_constraints_minimum": 0.008567400043830276, "create_canvas_constraints_maxiumu": 0.017120899981819093, "create_separation_constraints_average": 0.04182633199263364, "create_separation_constraints_median": 0.04151534999255091, "create_separation_constraints_minimum": 0.03715290001127869, "create_separation_constraints_maxiumu": 0.049408200080506504, "create_all_constraints_average": 0.0520605800091289, "create_all_constraints_median": 0.051577100006397814, "create_all_constraints_minimum": 0.04645560006611049, "create_all_constraints_maxiumu": 0.06139020004775375, "solve_time_average": 0.013573806060268544, "solve_time_median": 0.01335229998221621, "solve_time_minimum": 0.010225699981674552, "solve_time_maxiumu": 0.037406800081953406, "delaunay_time_average": 0.0015898043798282743, "delaunay_time_median": 0.0014372000005096197, "delaunay_time_minimum": 0.0010974000906571746, "delaunay_time_maxiumu": 0.007177400053478777, "mst_time_average": 0.0007524412405444309, "mst_time_median": 0.0006769500323571265, "mst_time_minimum": 0.0005186999915167689, "mst_time_maxiumu": 0.0044649000046774745}