{"create_canvas_constraints_average": 0.019998827988747508, "create_canvas_constraints_median": 0.01848805003101006, "create_canvas_constraints_minimum": 0.016570900101214647, "create_canvas_constraints_maxiumu": 0.043788000009953976, "create_separation_constraints_average": 0.3993159900093451, "create_separation_constraints_median": 0.3899456499493681, "create_separation_constraints_minimum": 0.37246039998717606, "create_separation_constraints_maxiumu": 0.48429659998510033, "create_all_constraints_average": 0.419319430005271, "create_all_constraints_median": 0.40947410004446283, "create_all_constraints_minimum": 0.39089929999317974, "create_all_constraints_maxiumu": 0.5064047999912873, "solve_time_average": 0.12928655682022216, "solve_time_median": 0.126221299986355, "solve_time_minimum": 0.08473639993462712, "solve_time_maxiumu": 0.42287889996077865, "delaunay_time_average": 0.0035680061804596336, "delaunay_time_median": 0.0033789000008255243, "delaunay_time_minimum": 0.0029556999215856194, "delaunay_time_maxiumu": 0.027600600034929812, "mst_time_average": 0.0007789816210977734, "mst_time_median": 0.000726599944755435, "mst_time_minimum": 0.0006484000477939844, "mst_time_maxiumu": 0.003024900099262595}