{"create_canvas_constraints_average": 0.012031087996438145, "create_canvas_constraints_median": 0.011448599980212748, "create_canvas_constraints_minimum": 0.009480300010181963, "create_canvas_constraints_maxiumu": 0.016220899997279048, "create_separation_constraints_average": 0.049677528012543916, "create_separation_constraints_median": 0.04909519990906119, "create_separation_constraints_minimum": 0.039113700040616095, "create_separation_constraints_maxiumu": 0.06681770004797727, "create_all_constraints_average": 0.06171472400892526, "create_all_constraints_median": 0.06051320000551641, "create_all_constraints_minimum": 0.048602000111714005, "create_all_constraints_maxiumu": 0.07841620000544935, "solve_time_average": 0.016850783920427784, "solve_time_median": 0.016606050019618124, "solve_time_minimum": 0.01053410000167787, "solve_time_maxiumu": 0.04467470000963658, "delaunay_time_average": 0.002174467560648918, "delaunay_time_median": 0.0020177499973215163, "delaunay_time_minimum": 0.001141499960795045, "delaunay_time_maxiumu": 0.010437099961563945, "mst_time_average": 0.0009604067989159375, "mst_time_median": 0.0008593000238761306, "mst_time_minimum": 0.0005136999534443021, "mst_time_maxiumu": 0.0035165000008419156}