{"create_canvas_constraints_average": 0.010428987995255738, "create_canvas_constraints_median": 0.010142749990336597, "create_canvas_constraints_minimum": 0.008129299967549741, "create_canvas_constraints_maxiumu": 0.014291799976490438, "create_separation_constraints_average": 0.04666647000005469, "create_separation_constraints_median": 0.04482564999489114, "create_separation_constraints_minimum": 0.03682689997367561, "create_separation_constraints_maxiumu": 0.06474960001651198, "create_control_line_constraints_average": 0.06287286601029336, "create_control_line_constraints_median": 0.05894534999970347, "create_control_line_constraints_minimum": 0.048478899989277124, "create_control_line_constraints_maxiumu": 0.17232030001468956, "create_all_constraints_average": 0.11997529200278223, "create_all_constraints_median": 0.115903600002639, "create_all_constraints_minimum": 0.09654049994423985, "create_all_constraints_maxiumu": 0.23904170002788305, "solve_time_average": 0.032385113659594206, "solve_time_median": 0.030296250013634562, "solve_time_minimum": 0.01731260004453361, "solve_time_maxiumu": 0.16417789994738996, "delaunay_time_average": 0.0017257456797873602, "delaunay_time_median": 0.001527949993032962, "delaunay_time_minimum": 0.00112620007712394, "delaunay_time_maxiumu": 0.006813599960878491, "mst_time_average": 0.0007880832403432577, "mst_time_median": 0.0006977000157348812, "mst_time_minimum": 0.0005253000417724252, "mst_time_maxiumu": 0.012097800034098327}