{"create_canvas_constraints_average": 0.01769843801157549, "create_canvas_constraints_median": 0.01673480001045391, "create_canvas_constraints_minimum": 0.01294909999705851, "create_canvas_constraints_maxiumu": 0.0300783000420779, "create_separation_constraints_average": 0.1881081660022028, "create_separation_constraints_median": 0.1798016499960795, "create_separation_constraints_minimum": 0.16323279996868223, "create_separation_constraints_maxiumu": 0.26879210001789033, "create_control_line_constraints_average": 0.13753602599026635, "create_control_line_constraints_median": 0.13192180002806708, "create_control_line_constraints_minimum": 0.1090475000673905, "create_control_line_constraints_maxiumu": 0.21655180002562702, "create_all_constraints_average": 0.3433507820172235, "create_all_constraints_median": 0.3361456500715576, "create_all_constraints_minimum": 0.2916422999696806, "create_all_constraints_maxiumu": 0.4973281000275165, "solve_time_average": 0.08662991032022983, "solve_time_median": 0.07462184998439625, "solve_time_minimum": 0.04513240000233054, "solve_time_maxiumu": 0.41193069994915277, "delaunay_time_average": 0.0028600324200000614, "delaunay_time_median": 0.002610950032249093, "delaunay_time_minimum": 0.001987700001336634, "delaunay_time_maxiumu": 0.010109200025908649, "mst_time_average": 0.000804855680745095, "mst_time_median": 0.000707700033672154, "mst_time_minimum": 0.0005860999226570129, "mst_time_maxiumu": 0.006224900018423796}