{"create_canvas_constraints_average": 0.010971755990758537, "create_canvas_constraints_median": 0.010418250050861388, "create_canvas_constraints_minimum": 0.008303700014948845, "create_canvas_constraints_maxiumu": 0.01736289996188134, "create_separation_constraints_average": 0.045103970007039605, "create_separation_constraints_median": 0.043974499974865466, "create_separation_constraints_minimum": 0.03879340004641563, "create_separation_constraints_maxiumu": 0.060070800012908876, "create_control_line_constraints_average": 0.06289438200183213, "create_control_line_constraints_median": 0.060630250023677945, "create_control_line_constraints_minimum": 0.051655400078743696, "create_control_line_constraints_maxiumu": 0.10063979995902628, "create_all_constraints_average": 0.11897829000139609, "create_all_constraints_median": 0.11588085000403225, "create_all_constraints_minimum": 0.10026479989755899, "create_all_constraints_maxiumu": 0.17033160000573844, "solve_time_average": 0.024194854980893434, "solve_time_median": 0.023216449946630746, "solve_time_minimum": 0.016425500041805208, "solve_time_maxiumu": 0.0866302999202162, "delaunay_time_average": 0.0018172387605067343, "delaunay_time_median": 0.0016611500177532434, "delaunay_time_minimum": 0.0011316000018268824, "delaunay_time_maxiumu": 0.006815799977630377, "mst_time_average": 0.0008552248996449635, "mst_time_median": 0.0007692499784752727, "mst_time_minimum": 0.0005230999086052179, "mst_time_maxiumu": 0.0035549000604078174}